"Volumen de EDTA (mL)","pCa-1","pCa-2","pCa-3"
0.0519653300950128,1.76,1.75996613669395,1.74861169148982
0.221214229190435,1.77,1.768461473478,1.75875133429188
0.387720053571836,1.78,1.77973651410732,1.76937002890464
0.551505882549705,1.79,1.79014533773996,1.77877442974783
0.712595466043921,1.8,1.80003832608834,1.78817304574978
0.871013184391111,1.81,1.80927726498339,1.8017932704296
1.02678400891968,1.82,1.81989010108542,1.81157693258394
1.17993346332404,1.83,1.8294471292384,1.81956215793267
1.33048758586602,1.84,1.84173236609623,1.83186932450254
1.47847289242851,1.85,1.84922350941785,1.83883933170419
1.62391634044308,1.86,1.85891247881949,1.85026949956827
1.76684529371045,1.87,1.87087667361088,1.86018771266565
1.90728748812974,1.88,1.88062822883762,1.86927819935046
2.04527099834984,1.89,1.88893468548916,1.88085425491352
2.18082420535337,1.9,1.90065745616797,1.88957964716293
2.31397576498156,1.91,1.90967391590122,1.900201946388
2.44475457740559,1.92,1.92044093089178,1.9089557497697
2.57318975754812,1.93,1.92937122766674,1.9201859383285
2.69931060645615,1.94,1.94085746673867,1.930905403479
2.82314658362484,1.95,1.94806912510283,1.93885231012199
2.94472728026963,1.96,1.96055560145155,1.95022798775602
3.06408239354241,1.97,1.9701143294666,1.95907206464
3.18124170168587,1.98,1.97919712756667,1.96961464171112
3.29623504011861,1.99,1.98816634660866,1.97864524992835
3.40909227844199,2,2.00172207253706,1.99139702292904
3.51984329835871,2.01,2.01008192548901,2.00131475471053
3.62851797249163,2.02,2.01909795817081,2.00849153329525
3.73514614409025,2.03,2.03079501678143,2.02115392927546
3.83975760761155,2.04,2.03905147324037,2.0300863512652
3.94238209016043,2.05,2.05075343985669,2.04005966616794
4.04304923377486,2.06,2.06032863181457,2.04882419901341
4.14178857853936,2.07,2.06931056955922,2.06000806618761
4.2386295465105,2.08,2.08032040561829,2.07194892357662
4.33360142643688,2.09,2.08886148593668,2.08184027038515
4.42673335925614,2.1,2.1008042565519,2.09002441220917
4.5180543243506,2.11,2.10931296038628,2.10142505381163
4.60759312654322,2.12,2.12144462411199,2.10940024848469
4.69537838381484,2.13,2.12981554023176,2.12177725035325
4.78143851572395,2.14,2.14123975583818,2.12847900636587
4.86580173250947,2.15,2.15153835752979,2.138536040131
4.94849602485747,2.16,2.1619974636957,2.15019512893446
5.02954915431217,2.17,2.16823152185418,2.15874216840044
5.10898864431206,2.18,2.1790738249151,2.16865147408564
5.18684177183143,2.19,2.18865908676945,2.17889166928735
5.26313555960833,2.2,2.20162463393249,2.19135045858845
5.33789676893926,2.21,2.20990788046736,2.19966072221845
5.41115189302195,2.22,2.22086703733634,2.20849794621114
5.48292715082697,2.23,2.23059421708528,2.22105045638699
5.55324848147951,2.24,2.23867994927894,2.2299666354768
5.62214153913286,2.25,2.24855361200497,2.24197507794201
5.68963168831526,2.26,2.26026809779648,2.25072905701865
5.75574399973218,2.27,2.27136982779112,2.26057778079808
5.82050324650623,2.28,2.28095130666159,2.27118351877481
5.88393390083742,2.29,2.2898193877982,2.28161845456995
5.94606013106654,2.3,2.29979531180207,2.29107863322832
6.00690579912505,2.31,2.30876637535915,2.3012200992275
6.06649445835512,2.32,2.32081896394119,2.30932157157734
6.12484935168357,2.33,2.32829057290684,2.31818342362996
6.18199341013433,2.34,2.33994948029704,2.33037553760223
6.23794925166394,2.35,2.34892737697717,2.34049736605678
6.29273918030525,2.36,2.35880030221585,2.35004992142878
6.34638518560488,2.37,2.36811495749746,2.3614725216236
6.39890894234013,2.38,2.37918198393937,2.36801386232395
6.45033181050181,2.39,2.39069533101842,2.38101669794042
6.50067483552948,2.4,2.40091350768413,2.38861533647869
6.5499587487863,2.41,2.41173042083532,2.39974886576179
6.59820396826075,2.42,2.41830518733803,2.41103879530169
6.64543059948323,2.43,2.43071271746792,2.41946488548908
6.69165843664561,2.44,2.44027762342896,2.431968421706
6.73690696391246,2.45,2.45196377097815,2.44081193791237
6.78119535691282,2.46,2.46193416090216,2.44861402976234
6.82454248440193,2.47,2.47023001787532,2.46168811338767
6.86696691008261,2.48,2.47906433110591,2.47001099599991
6.90848689457646,2.49,2.490268099471,2.4798038517246
6.94912039753521,2.5,2.5018183764061,2.49115111662727
6.9888850798831,2.51,2.51155650944542,2.49982375957817
7.02779830618141,2.52,2.51870401662495,2.50924939119816
7.06587714710663,2.53,2.52886078924313,2.51844213302061
7.10313838203413,2.54,2.53916223979462,2.52941578120738
7.13959850171937,2.55,2.55067991557531,2.54072006310243
7.17527371106926,2.56,2.56100751957577,2.55071993015148
7.21017993199623,2.57,2.5686247794386,2.55867869007122
7.24433280634841,2.58,2.58174818916339,2.57068287697528
7.27774769890887,2.59,2.59176071893051,2.58181289338414
7.31043970045797,2.6,2.59808495606389,2.59099885047786
7.34242363089249,2.61,2.61091191391461,2.59944419970829
7.37371404239584,2.62,2.61844278068002,2.61164278630353
7.4043252226539,2.63,2.62880443471018,2.62001750868373
7.43427119811099,2.64,2.63810548133869,2.62891740150098
7.46356573726119,2.65,2.64977268239763,2.63846658427734
7.49222235397004,2.66,2.66115506448131,2.64982621842064
7.52025431082221,2.67,2.66825633250549,2.66059611355979
7.54767462249062,2.68,2.6809077347666,2.67091989186779
7.57449605912313,2.69,2.69078595585376,2.67859011080954
7.60073114974263,2.7,2.70125854264013,2.6919456287045
7.62639218565712,2.71,2.71096852011885,2.6999344764296
7.65149122387598,2.72,2.71901829459425,2.70926811474003
7.67604009052932,2.73,2.72813204767928,2.71936311127711
7.70005038428722,2.74,2.73939388819039,2.72997750657704
7.72353347977582,2.75,2.74965370211843,2.7398311492987
7.74650053098753,2.76,2.75868017982226,2.75009500752389
7.76896247468282,2.77,2.77142775787972,2.75947243962251
7.79093003378083,2.78,2.78010346750636,2.76888431794103
7.81241372073686,2.79,2.78916585699655,2.77883594782557
7.83342384090421,2.8,2.80194425413944,2.79167465945426
7.8539704958785,2.81,2.80802800156176,2.80167888207361
7.87406358682258,2.82,2.82125592696574,2.80859304965474
7.89371281777008,2.83,2.83054691690113,2.81987174814288
7.91292769890612,2.84,2.83964942353219,2.82865220366046
7.93171754982355,2.85,2.84920992865041,2.84136944588367
7.95009150275321,2.86,2.8603433628371,2.84928336123284
7.96805850576695,2.87,2.87055989477318,2.85977414614987
7.98562732595231,2.88,2.87878587145545,2.87050109169167
8.00280655255735,2.89,2.88802439618111,2.88148560901172
8.01960460010505,2.9,2.90180407125596,2.89062680338044
8.03602971147597,2.91,2.90997545144707,2.89941059544031
8.05208996095848,2.92,2.92001209347975,2.91075186738744
8.06779325726565,2.93,2.93076971661299,2.92054909739923
8.08314734651831,2.94,2.94108260194957,2.92932189668529
8.09815981519331,2.95,2.94866524879821,2.94126069766469
8.11283809303668,2.96,2.9600359951742,2.94866020472348
8.12718945594109,2.97,2.96806842847727,2.95909778036177
8.14122102878715,2.98,2.98087145105191,2.9718964617094
8.15493978824811,2.99,2.98845449902583,2.98051149114501
8.16835256555783,3,2.99806136082299,2.99116210098006
8.1814660492415,3.01,3.0097968423916,3.00103475859202
8.19428678780904,3.02,3.01902018692158,3.00944132098649
8.20682119241098,3.03,3.02895350027829,3.01831187050417
8.21907553945661,3.04,3.04052929203771,3.03047303569969
8.23105597319442,3.05,3.05199833799526,3.03945846001897
8.24276850825465,3.06,3.06119015591126,3.04979705704749
8.25421903215411,3.07,3.07067965850513,3.06061168600991
8.26541330776312,3.08,3.08026867706981,3.07099273575097
8.27635697573465,3.09,3.0906732702041,3.08056174579728
8.28705555689592,3.1,3.09854095854238,3.08988838642184
8.29751445460235,3.11,3.11144910052326,3.09876314879954
8.30773895705413,3.12,3.12194454407133,3.1093278947128
8.31773423957553,3.13,3.13071005517337,3.12034131166991
8.32750536685719,3.14,3.13880826712493,3.12990008496959
8.33705729516159,3.15,3.15017982474435,3.13809922715183
8.34639487449185,3.16,3.16108284472022,3.15033065504488
8.35552285072431,3.17,3.16930815339647,3.15852490591723
8.36444586770489,3.18,3.17997605888452,3.16889241014142
8.37316846930984,3.19,3.19115930657461,3.17823846702091
8.38169510147089,3.2,3.20167643182725,3.18988340421487
8.39003011416528,3.21,3.20955467343889,3.19977854574472
8.39817776337107,3.22,3.21926587210875,3.21040035402682
8.40614221298779,3.23,3.23020845079143,3.22135533920489
8.41392753672317,3.24,3.24008647515345,3.22935947216954
8.42153771994596,3.25,3.25108967228886,3.24029212532379
8.42897666150549,3.26,3.25880986144207,3.25008112737536
8.43624817551814,3.27,3.26867254360672,3.2597744558407
8.4433559931213,3.28,3.28117352852132,3.27010405502003
8.45030376419499,3.29,3.28926110596024,3.27877286160737
8.45709505905185,3.3,3.29911024782341,3.28871717129461
8.46373337009554,3.31,3.31064803547505,3.29957813727018
8.4702221134483,3.32,3.32113277295884,3.30998577194847
8.47656463054783,3.33,3.32971198219713,3.32122166467737
8.48276418971408,3.34,3.33948928012699,3.33173295839969
8.48882398768625,3.35,3.35099609314278,3.3418293374842
8.49474715113053,3.36,3.36115626205504,3.34980840271711
8.50053673811886,3.37,3.36994975708239,3.35973310337961
8.50619573957931,3.38,3.381048324503,3.37153045173921
8.51172708071832,3.39,3.39033861804008,3.37956079421472
8.51713362241542,3.4,3.4006411873363,3.39082803508826
8.52241816259065,3.41,3.41064861077163,3.39938528297003
8.52758343754527,3.42,3.41901286879089,3.4114441942852
8.53263212327608,3.43,3.43194267638586,3.41888808051031
8.53756683676378,3.44,3.44192948250007,3.4299527738262
8.54239013723594,3.45,3.44948377821408,3.4411325735813
8.54710452740464,3.46,3.45879819401167,3.45174895747006
8.55171245467968,3.47,3.47063874750026,3.45831874811556
8.55621631235732,3.48,3.4808007289283,3.47114505960234
8.56061844078521,3.49,3.48899036432896,3.47986503122933
8.56492112850393,3.5,3.50042539442331,3.48888603905682
8.56912661336535,3.51,3.5088849574076,3.50091108135786
8.57323708362843,3.52,3.52001447510999,3.50962922747992
8.57725467903268,3.53,3.53168617842812,3.52083781403676
8.58118149184978,3.54,3.54103933672607,3.53111178664584
8.58501956791375,3.55,3.54992483763304,3.54083868984412
8.58877090762992,3.56,3.56103471636493,3.55011790495925
8.59243746696328,3.57,3.56960099563468,3.5596753914766
8.59602115840642,3.58,3.57979398160335,3.57022427509539
8.5995238519275,3.59,3.58898117294814,3.57973508140072
8.60294737589864,3.6,3.60098586419877,3.58831936239451
8.60629351800505,3.61,3.61138384230435,3.6004673410533
8.60956402613524,3.62,3.61984357012156,3.61131758839171
8.61276060925273,3.63,3.63001722377446,3.62069558536913
8.61588493824956,3.64,3.63818134063855,3.62874225567561
8.61893864678197,3.65,3.6504138057204,3.64174618299305
8.62192333208856,3.66,3.66058545460366,3.64959937364701
8.62484055579125,3.67,3.67084471049812,3.6615921891341
8.62769184467949,3.68,3.68030819212645,3.671211128911
8.63047869147787,3.69,3.68964384599961,3.68004937377945
8.63320255559754,3.7,3.69923781496845,3.68904701262619
8.63586486387184,3.71,3.70819876216352,3.69848155063484
8.63846701127625,3.72,3.71842537834216,3.71134735091683
8.64101036163314,3.73,3.729096681959,3.71977772305626
8.64349624830153,3.74,3.73891366360057,3.72998062888626
8.64592597485226,3.75,3.75076128395181,3.7407129528597
8.64830081572865,3.76,3.75997265577037,3.74898360638134
8.65062201689321,3.77,3.76940803348366,3.76112721116189
8.65289079646048,3.78,3.77971209160797,3.77045676034596
8.65510834531635,3.79,3.78980528963823,3.77921268935315
8.65727582772414,3.8,3.79998788919486,3.78994580716081
8.65939438191768,3.81,3.81011373816803,3.79939905684721
8.66146512068171,3.82,3.81875395462196,3.81032648672629
8.66348913191978,3.83,3.828474487992,3.81876831349172
8.66546747920994,3.84,3.84048918628506,3.8281815322144
8.66740120234854,3.85,3.84813741880376,3.83935055148229
8.66929131788222,3.86,3.85944152855035,3.84811814283766
8.67113881962855,3.87,3.86921510005463,3.85923497112375
8.67294467918534,3.88,3.87803297806345,3.86982857168466
8.67470984642903,3.89,3.88858889314067,3.88186611945927
8.67643525000226,3.9,3.89917342440225,3.88949923590198
8.67812179779094,3.91,3.90801277246606,3.89997458210401
8.67977037739097,3.92,3.91894062916655,3.91088549822196
8.6813818565649,3.93,3.93071246943716,3.9182543877624
8.68295708368862,3.94,3.93963378224988,3.92989192997105
8.68449688818846,3.95,3.95108195742778,3.94109793780558
8.68600208096877,3.96,3.96068867242336,3.95114134799037
8.68747345483022,3.97,3.97109215486702,3.95969472332299
8.68891178487903,3.98,3.97950421819277,3.96950693481881
8.69031782892731,3.99,3.9908770813439,3.97988820044044
8.69169232788475,4,4.00109716482926,3.99094467111584
8.69303600614173,4.01,4.00984933496825,3.99872947948426
8.69434957194415,4.02,4.01876660961751,4.01053465863876
8.69563371776013,4.03,4.03116686632298,4.02063208532054
8.69688912063868,4.04,4.03825246538036,4.02971722779702
8.69811644256065,4.05,4.04834014845267,4.04067996463459
8.699316330782,4.06,4.05952287556883,4.05115115391556
8.70048941816959,4.07,4.07112783084158,4.06016654116102
8.70163632352976,4.08,4.08102841564827,4.07198657475226
8.70275765192968,4.09,4.09064576724824,4.0796808569124
8.70385399501174,4.1,4.100652218665,4.0892915231511
8.70492593130115,4.11,4.11139218625426,4.09868411494326
8.70597402650679,4.12,4.11989003184065,4.10903863405716
8.70699883381559,4.13,4.13164459304605,4.1193943428807
8.70800089418053,4.14,4.14171608022228,4.13052203294542
8.70898073660228,4.15,4.14814426310733,4.14119139956962
8.70993887840487,4.16,4.16103346132301,4.15192851141561
8.71087582550533,4.17,4.17028525145538,4.15851060712989
8.71179207267747,4.18,4.18184304373525,4.16993768032268
8.71268810380997,4.19,4.1911864021048,4.17847616707254
8.7135643921589,4.2,4.20080248297099,4.19137647986692
8.71442140059477,4.21,4.20998830201197,4.20194829587359
8.71525958184426,4.22,4.22169402126223,4.21068402284384
8.71607937872673,4.23,4.22817290384136,4.22132367048506
8.7168812243856,4.24,4.23960752041545,4.22903454037849
8.71766554251483,4.25,4.25066259418987,4.23808083859179
8.71843274758049,4.26,4.25878851449396,4.25108380889706
8.71918324503753,4.27,4.26931054220535,4.26106065579317
8.719917431542,4.28,4.2783420396978,4.26964835666772
8.72063569515865,4.29,4.28995295354817,4.27905258816388
8.72133841556415,4.3,4.29823060496245,4.28924934621714
8.72202596424592,4.31,4.3118291716883,4.29924703388195
8.72269870469679,4.32,4.31848167022318,4.30994172589667
8.7233569926055,4.33,4.32925669920817,4.32160351248086
8.72400117604314,4.34,4.33952433179319,4.33053766061273
8.72463159564565,4.35,4.35018713092525,4.34150016804784
8.72524858479256,4.36,4.36160198967159,4.34857160640601
8.7258524697818,4.37,4.36955961379409,4.36162762100715
8.72644357000102,4.38,4.37829387463816,4.36927928501368
8.72702219809515,4.39,4.39040219145548,4.37986069415603
8.72758866013066,4.4,4.40149115232378,4.39025751888286
8.72814325575618,4.41,4.41038963813987,4.40037624681368
8.72868627836001,4.42,4.42061803479213,4.40904213219602
8.72921801522417,4.43,4.43063611144479,4.42145114105847
8.72973874767546,4.44,4.44193590005394,4.42936343778577
8.73024875123328,4.45,4.4502084314283,4.4381596452361
8.73074829575452,4.46,4.45859263244551,4.45157467701286
8.73123764557545,4.47,4.47082476577349,4.45823686200473
8.73171705965074,4.48,4.48073584653065,4.47192393991724
8.73218679168976,4.49,4.48895606290828,4.4781053013131
8.73264709028999,4.5,4.5018878741879,4.49099205492344
8.73309819906791,4.51,4.51099955299403,4.50055490978248
8.73354035678722,4.52,4.52138406108786,4.51003070679493
8.73397379748455,4.53,4.52901748726238,4.51986920179799
8.73439875059271,4.54,4.53965690887161,4.52893877826724
8.73481544106149,4.55,4.55042647279054,4.54074554670416
8.7352240894762,4.56,4.56050432644226,4.54895745624974
8.73562491217387,4.57,4.57056058985088,4.55807779502031
8.73601812135722,4.58,4.5787748863101,4.56989774367958
8.73640392520655,4.59,4.59160398652777,4.58062765086815
8.73678252798943,4.6,4.60078226725385,4.58833297334705
8.73715413016842,4.61,4.61128424799163,4.59873441239446
8.73751892850676,4.62,4.61862070843857,4.60847898709122
8.73787711617213,4.63,4.62882287871186,4.62171469406784
8.73822888283851,4.64,4.63916686258558,4.63149598795827
8.7385744147863,4.65,4.65101199485362,4.64022824413143
8.73891389500054,4.66,4.65938881644886,4.65049006867688
8.73924750326748,4.67,4.67037948285323,4.65843164354097
8.73957541626947,4.68,4.68124632426444,4.6691651914157
8.73989780767821,4.69,4.68866650083568,4.67976484264247
8.7402148482464,4.7,4.70063089676946,4.68815810400527
8.74052670589794,4.71,4.70911648455542,4.69919024445955
8.74083354581654,4.72,4.71833238883689,4.71120713206753
8.74113553053297,4.73,4.7294899468543,4.71904802082851
8.74143282001092,4.74,4.74170825371984,4.72897916132491
8.74172557173142,4.75,4.74900753620639,4.7407077612821
8.74201394077615,4.76,4.75953054070286,4.7485945203593
8.74229807990923,4.77,4.76936252504867,4.75857502751891
8.74257813965806,4.78,4.77863201830536,4.77036944338679
8.74285426839276,4.79,4.78950765442941,4.77987902673706
8.74312661240468,4.8,4.79828834903613,4.79050239028409
8.74339531598362,4.81,4.81148987331893,4.80077910166886
8.7436605214942,4.82,4.82070131696668,4.80835234538186
8.74392236945102,4.83,4.83091360408906,4.81967039361782
8.74418099859303,4.84,4.84183826933801,4.83006707610562
8.74443654595684,4.85,4.85029787042271,4.83975044240151
8.74468914694921,4.86,4.86170499755908,4.8515196749093
8.74493893541864,4.87,4.87197246912867,4.8596728508072
8.74518604372618,4.88,4.88097179963999,4.8683302567238
8.7454306028154,4.89,4.88941724814661,4.88090455179103
8.74567274228171,4.9,4.90143884830177,4.89145134230889
8.74591259044088,4.91,4.90838210516609,4.900403549565
8.74615027439694,4.92,4.92179856070783,4.90940641799942
8.74638592010943,4.93,4.92843830731977,4.91977499680128
8.74661965246005,4.94,4.93931092802435,4.92931975407619
8.74685159531875,4.95,4.94934100942314,4.94078829432745
8.74708187160927,4.96,4.96009064110741,4.9501223664172
8.74731060337421,4.97,4.97104188331775,4.95994302880578
8.74753791183963,4.98,4.98087720131874,4.97016313523706
8.7477639174792,4.99,4.9906446294589,4.98168403053377
8.747988740078,5,4.99862477209046,4.99028932401072
8.74821249879592,5.01,5.00919653243385,4.99809798804391
8.74843531223073,5.02,5.02171983592026,5.01178275139909
8.74865729848092,5.03,5.0283489822885,5.01866732752975
8.74887857520819,5.04,5.041843332747,5.03069370187074
8.74909925969975,5.05,5.04878318141494,5.0396461810628
8.74931946893046,5.06,5.06140670366213,5.0503561053155
8.74953931962479,5.07,5.06848813319579,5.06036972808745
8.74975892831856,5.08,5.07823684179876,5.0705366638843
8.74997841142076,5.09,5.08914458821434,5.07828683603462
8.75019788527513,5.1,5.10092290697433,5.08981867789384
8.75041746622184,5.11,5.11154246223159,5.10153432277683
8.75063727065907,5.12,5.12106719557289,5.11048340566643
8.75085741510471,5.13,5.13019103504438,5.11812872966193
8.75107801625805,5.14,5.14051635149587,5.1299102092348
8.75129919106164,5.15,5.15027367821243,5.1380495923534
8.75152105676322,5.16,5.16075875705481,5.15148617401533
8.75174373097783,5.17,5.17176853234693,5.16133849857189
8.75196733175017,5.18,5.17801996555738,5.169355252699
8.7521919776171,5.19,5.19160991272237,5.17920733126439
8.75241778767048,5.2,5.20140003028419,5.18808150722832
8.75264488162025,5.21,5.20972751974687,5.20175265965052
8.75287337985789,5.22,5.21988361848146,5.21100176001526
8.7531034035202,5.23,5.23154367993306,5.2194220974287
8.7533350745535,5.24,5.24113772305846,5.23059643828217
8.75356851577826,5.25,5.25001339138579,5.23973696192913
8.75380385095417,5.26,5.25984778315108,5.24904666822404
8.75404120484576,5.27,5.27182530392706,5.26011885626521
8.75428070328851,5.28,5.27882032313664,5.27169460603967
8.75452247325552,5.29,5.29075012199394,5.28026095878333
8.75476664292486,5.3,5.29920112018567,5.29072013994399
8.75501334174746,5.31,5.31129520724807,5.30174264428485
8.75526270051572,5.32,5.31891483967379,5.31099046755489
8.75551485143288,5.33,5.32834805813525,5.32192494025268
8.75576992818305,5.34,5.34192880339362,5.33087756096572
8.75602806600211,5.35,5.34873223567102,5.34082157422788
8.75628940174936,5.36,5.3599441462839,5.34819157497492
8.75655407398007,5.37,5.36972498484794,5.35879705950152
8.75682222301896,5.38,5.38193140285369,5.37059297857713
8.75709399103453,5.39,5.39134341928735,5.38191104752012
8.75736952211449,5.4,5.40199767953902,5.39092471121252
8.75764896234206,5.41,5.41185989382956,5.39963825094048
8.7579324598735,5.42,5.42137339131907,5.40867590598296
8.75822016501659,5.43,5.42952012946829,5.41908953938633
8.75851223031031,5.44,5.43816984503809,5.42962055962346
8.75880881060575,5.45,5.451949920021,5.44037286463659
8.75911006314816,5.46,5.46021385173965,5.45011127853766
8.75941614766033,5.47,5.4685691118855,5.45983205767348
8.75972722642726,5.48,5.48123884108569,5.4689025456775
8.76004346438222,5.49,5.49091058713011,5.4809920665063
8.76036502919412,5.5,5.50169518958218,5.49182480862457
8.76069209135649,5.51,5.51084513403289,5.50061050436459
8.7610248242778,5.52,5.51974277662486,5.50902908506803
8.76136340437345,5.53,5.52807810692582,5.51860300013609
8.76170801115924,5.54,5.54194836149551,5.53182617096603
8.7620588273466,5.55,5.55129731279425,5.53828082426824
8.7624160389394,5.56,5.55997336168587,5.55030979490932
8.76277983533262,5.57,5.57116232094634,5.56044739680458
8.76315040941273,5.58,5.58021137188561,5.57186807463318
8.76352795765997,5.59,5.58875215214491,5.58021101188008
8.7639126802525,5.6,5.60138475654461,5.59074846427515
8.76430478117257,5.61,5.61027012697328,5.60060936765932
8.7647044683146,5.62,5.61805492561311,5.61158151321765
8.76511195359549,5.63,5.63012136531249,5.61981488577183
8.7655274530669,5.64,5.63902794292104,5.63126706253178
8.76595118702983,5.65,5.65021396628488,5.63819686348364
8.76638338015145,5.66,5.65895608501881,5.64984657555912
8.76682426158414,5.67,5.66826400661469,5.65953186962288
8.76727406508707,5.68,5.68130471951235,5.67034684292041
8.76773302915009,5.69,5.68802976979129,5.67853754299134
8.76820139712019,5.7,5.69892308396846,5.69162235626765
8.7686794173305,5.71,5.70836066115648,5.70195507820603
8.769167343232,5.72,5.72163868940063,5.7109440794019
8.76966543352786,5.73,5.72826785266865,5.72146607199777
8.77017395231061,5.74,5.7393420445472,5.73108817855082
8.7706931692022,5.75,5.75034236766119,5.74186678327434
8.77122335949689,5.76,5.76140462114103,5.75091331876162
8.77176480430727,5.77,5.77013116702251,5.75854654494207
8.77231779071327,5.78,5.77952053378429,5.7704264066685
8.77288261191439,5.79,5.79022915728018,5.77962637568917
8.77345956738515,5.8,5.79804190116748,5.79164400426205
8.77404896303387,5.81,5.80905362352263,5.8017748337714
8.77465111136488,5.82,5.82169513247907,5.80880928110704
8.77526633164416,5.83,5.82953738877457,5.8194834519783
8.77589495006871,5.84,5.83973469940387,5.83023511984106
8.7765372999394,5.85,5.85084258606005,5.83800990961678
8.77719372183776,5.86,5.85864649185445,5.84987920934707
8.77786456380654,5.87,5.87118228641711,5.85851063574478
8.77855018153421,5.88,5.87811315084063,5.869974189247
8.77925093854362,5.89,5.89198484387901,5.88083768263552
8.77996720638467,5.9,5.89928712269291,5.89058531286567
8.78069936483135,5.91,5.90885973033495,5.89827457779832
8.7814478020831,5.92,5.91833371139783,5.90854125095438
8.78221291497061,5.93,5.93180152574088,5.92127441192605
8.78299510916627,5.94,5.94118691454083,5.92925132502057
8.7837947993992,5.95,5.95082844048087,5.93876655985415
8.7846124096752,5.96,5.96120785549097,5.95165648766235
8.78544837350153,5.97,5.97156801975891,5.96139523857366
8.78630313411676,5.98,5.98015724058542,5.97051230423059
8.78717714472582,5.99,5.98891234623641,5.97972719786875
8.78807086874022,6,6.00053130175173,5.98820018155128
8.78898478002384,6.01,6.0118673224533,6.00149722525291
8.78991936314411,6.02,6.02007989342231,6.01066596665513
8.79087511362897,6.03,6.03067477975041,6.01848570542038
8.7918525382296,6.04,6.04180674351752,6.02878722934891
8.79285215518908,6.05,6.04894553421251,6.04143741349131
8.79387449451723,6.06,6.05879605839215,6.05162482828647
8.79492009827153,6.07,6.06970026891586,6.06161916889995
8.79598952084462,6.08,6.07994449293055,6.06822084236052
8.79708332925822,6.09,6.08961986950785,6.07931016555335
8.79820210346371,6.1,6.09839431349374,6.08972259352356
8.79934643664972,6.11,6.11036980156042,6.09947654670756
8.80051693555658,6.12,6.12183445071429,6.11142506805807
8.80171422079806,6.13,6.12839249566849,6.12035287393164
8.80293892719039,6.14,6.14182247138862,6.13052687459439
8.80419170408889,6.15,6.14976968262345,6.13887252388801
8.80547321573223,6.16,6.16161792037915,6.15030502451491
8.80678414159462,6.17,6.17103689255472,6.16133954753913
8.80812517674612,6.18,6.1801418527374,6.17035300854687
8.80949703222112,6.19,6.18833805691172,6.17892949009687
8.81090043539537,6.2,6.19868098236993,6.18887576820795
8.81233613037163,6.21,6.21182118531782,6.20128702669684
8.81380487837422,6.22,6.2191630956633,6.20897167997435
8.81530745815261,6.23,6.22966382433567,6.22116233078577
8.81684466639433,6.24,6.24022452653945,6.22817165977508
8.81841731814739,6.25,6.24966507905535,6.23837698790059
8.82002624725243,6.26,6.26197906067409,6.25112147906516
8.82167230678483,6.27,6.26958878262155,6.25860954866651
8.82335636950701,6.28,6.27905299261305,6.26991261532716
8.82507932833119,6.29,6.28908225604054,6.28114563318342
8.82684209679284,6.3,6.30190152682364,6.28960191089846
8.82864560953502,6.31,6.3114056733856,6.30121545835305
8.83049082280394,6.32,6.31993047479633,6.31043906526361
8.83237871495601,6.33,6.33193823861144,6.31960211534984
8.83431028697654,6.34,6.34068791025784,6.32815972490795
8.83628656301048,6.35,6.35097727379296,6.3414363090517
8.83830859090547,6.36,6.3616172703011,6.35163841640018
8.84037744276737,6.37,6.36944761178549,6.36163437178265
8.84249421552875,6.38,6.38033505467419,6.37073102173768
8.84466003153047,6.39,6.3909113833122,6.38094867164735
8.84687603911676,6.4,6.40000958072674,6.38834937518276
8.84914341324411,6.41,6.41117527677771,6.39973314140271
8.85146335610423,6.42,6.41808101417497,6.41194794043433
8.85383709776146,6.43,6.43060411801003,6.41807838406321
8.856265896805,6.44,6.43938619628456,6.43028195753973
8.85875104101618,6.45,6.45197833857778,6.44029126979318
8.86129384805131,6.46,6.46084953214042,6.4497595570581
8.86389566614028,6.47,6.46836472743005,6.45939476313442
8.86655787480143,6.48,6.48129320700467,6.46981388936006
8.86928188557298,6.49,6.49157717948407,6.47859211663809
8.87206914276146,6.5,6.49946021929476,6.48903910193406
8.87492112420748,6.51,6.50980596933793,6.50145055258926
8.8778393420693,6.52,6.51954211189691,6.51130485250335
8.88082534362462,6.53,6.53134389811941,6.5183654650934
8.88388071209096,6.54,6.54016656171065,6.53022721205559
8.88700706746508,6.55,6.55140450140834,6.54112175760698
8.89020606738195,6.56,6.55874350056518,6.54944996615779
8.89347940799364,6.57,6.56906939630397,6.55807030785363
8.89682882486862,6.58,6.57943119460903,6.57030523729976
8.90025609391204,6.59,6.59146852502506,6.57826831476949
8.90376303230728,6.6,6.59925824134145,6.59106484944467
8.90735149947946,6.61,6.61188751788903,6.60162719186395
8.91102339808135,6.62,6.62055389302131,6.60987859139964
8.91478067500218,6.63,6.62811833011545,6.61980978240631
8.91862532239987,6.64,6.64129459819477,6.63096450029686
8.92255937875734,6.65,6.64899892146047,6.64124794921838
8.92658492996332,6.66,6.65994151966088,6.64953247410245
8.93070411041832,6.67,6.6691217573788,6.66086638529599
8.93491910416633,6.68,6.67949989594985,6.67017929509748
8.9392321460528,6.69,6.68913442380354,6.67887596919574
8.94364552290962,6.7,6.69988442038093,6.68816090055648
8.94816157476759,6.71,6.70927486470155,6.69867734621931
8.95278269609716,6.72,6.71937131327484,6.7107667810265
8.95751133707803,6.73,6.72992378751934,6.71914008792955
8.96235000489821,6.74,6.73860627911706,6.7297748751482
8.96730126508341,6.75,6.75102611200605,6.73801990444493
8.97236774285731,6.76,6.76082692519855,6.7488140673358
8.97755212453347,6.77,6.76974171967898,6.75961588538624
8.98285715893967,6.78,6.77934391979128,6.76952373472042
8.98828565887537,6.79,6.78958097668272,6.78015785366483
8.99384050260305,6.8,6.8016404663166,6.79025086662918
8.9995246353744,6.81,6.81128032515105,6.80054348271992
9.00534107099183,6.82,6.81890888772719,6.81072450567037
9.01129289340648,6.83,6.83131386469957,6.8195637629414
9.01738325835337,6.84,6.83842553146556,6.82840840916429
9.02361539502461,6.85,6.85034950442799,6.84134364511073
9.02999260778154,6.86,6.86167782783974,6.85007536314335
9.03651827790677,6.87,6.86963763109315,6.85861491745617
9.04319586539695,6.88,6.87922698090598,6.86957582111284
9.05002891079738,6.89,6.88980697187223,6.87985175794736
9.05702103707915,6.9,6.90059758438822,6.8912823684644
9.06417595156016,6.91,6.91006449825969,6.89938418494817
9.07149744787078,6.92,6.92040309740696,6.91088221856579
9.07898940796524,6.93,6.92994755452406,6.92185757744219
9.08665580417996,6.94,6.93860762532707,6.93110201636702
9.09450070133968,6.95,6.95168824727181,6.94159075358883
9.10252825891271,6.96,6.96151416350063,6.9512799825035
9.11074273321631,6.97,6.9681243729759,6.95944424925558
9.11914847967351,6.98,6.98073162428662,6.97176783617865
9.12774995512232,6.99,6.99118710520118,6.97963479500823
9.13655172017888,7,7.00087151191756,6.99157355146389
9.14555844165552,7.01,7.01136297450121,6.99955506511405
9.15477489503519,7.02,7.02141147133056,7.01055334041454
9.16420596700344,7.03,7.02837806545943,7.02155393469147
9.17385665803948,7.04,7.04157964862045,7.02940292355325
9.18373208506743,7.05,7.05093864450045,7.04127353794128
9.19383748416942,7.06,7.05804129091837,7.05073609170597
9.20417821336179,7.07,7.06992701180372,7.05912454969436
9.21475975543606,7.08,7.08187362624798,7.07119734343886
9.22558772086587,7.09,7.08824373182375,7.08122980341222
9.23666785078183,7.1,7.09869909435138,7.09143611075543
9.24800602001547,7.11,7.10835613207612,7.10049823398888
9.25960824021421,7.12,7.11916105209012,7.11194303420652
9.27148066302875,7.13,7.13164035245031,7.11969871261437
9.28362958337483,7.14,7.1388004727494,7.13061785499752
9.29606144277082,7.15,7.14962197782192,7.13940608106274
9.30878283275313,7.16,7.16161035739165,7.14914708928764
9.3218004983711,7.17,7.17161891109496,7.16149730540439
9.33512134176336,7.18,7.17912444725353,7.16860285448283
9.34875242581739,7.19,7.191158273804,7.17933488488849
9.36270097791439,7.2,7.19850248786062,7.19014562726952
9.3769743937613,7.21,7.20822491095494,7.1992320207879
9.39158024131214,7.22,7.21888550997991,7.2089752920894
9.40652626478061,7.23,7.22819678057637,7.22191891076136
9.42182038874619,7.24,7.24010002603848,7.22946209770162
9.43747072235583,7.25,7.25190747900587,7.23991898551025
9.45348556362358,7.26,7.26019817002118,7.25027262637857
9.46987340383026,7.27,7.26916893061344,7.25994465996325
9.48664293202565,7.28,7.27992278092168,7.26875549220014
9.5038030396356,7.29,7.29017043517064,7.27834357715398
9.52136282517627,7.3,7.29853083165735,7.2891284588119
9.5393315990784,7.31,7.3115676446259,7.30002899005357
9.55771888862376,7.32,7.31912063421495,7.30871029958688
9.57653444299664,7.33,7.32935372848995,7.31957156344783
9.59578823845303,7.34,7.34018761095591,7.32844526991807
9.61549048361014,7.35,7.35175821583252,7.34090950815752
9.63565162485912,7.36,7.35839148495067,7.34882545571495
9.65628235190394,7.37,7.36996110062208,7.35997620886564
9.67739360342915,7.38,7.3817569421865,7.37030263674818
9.69899657289976,7.39,7.38916068962496,7.38060447590612
9.72110271449612,7.4,7.39868868134357,7.38946905530151
9.74372374918712,7.41,7.41146449783444,7.39940933368821
9.76687167094477,7.42,7.41967561963107,7.41000264430791
9.79055875310359,7.43,7.42958522310667,7.42004195568897
9.81479755486808,7.44,7.43861833932996,7.43136477212701
9.83960092797176,7.45,7.45124896907341,7.43922603124846
9.86498202349137,7.46,7.46121388854738,7.44830360815115
9.89095429881971,7.47,7.46952101890277,7.45966645024251
9.91753152480095,7.48,7.47976815261599,7.47179353350121
9.94472779303209,7.49,7.48868904334307,7.4788935824139
9.97255752333452,7.5,7.50088207215629,7.48871930383146
10.0010354713996,7.51,7.50845003620535,7.49937287157774
10.0301767366124,7.52,7.52198788232449,7.51118158246856
10.0599967700575,7.53,7.52826143394038,7.5215077311676
10.0905113827112,7.54,7.54085034744348,7.53093232698925
10.1217367538251,7.55,7.55130149045214,7.53947152873501
10.1536894395044,7.56,7.56041530473996,7.54959918466397
10.1863863814858,7.57,7.56876376021281,7.5601473609712
10.2198449161208,7.58,7.5795186556438,7.56924042175151
10.2540827835675,7.59,7.58987648656033,7.57840050531086
10.2891181371962,7.6,7.60135286090802,7.59096412216965
10.3249695532152,7.61,7.61082621795777,7.59876804256905
10.3616560405198,7.62,7.61895942142699,7.60801639160235
10.3991970507713,7.63,7.63025466931798,7.61833719659131
10.4376124887101,7.64,7.64015159846842,7.63148138378002
10.47692272271,7.65,7.65133277676813,7.64069160473906
10.5171485955773,7.66,7.66024374929257,7.64878692856524
10.5583114356023,7.67,7.66874158313125,7.66092077368218
10.6004330678676,7.68,7.67890547420271,7.6703221343914
10.6435358258202,7.69,7.69129631670471,7.68157575372793
10.6876425631129,7.7,7.69920351964142,7.6891454192549
10.7327766657217,7.71,7.71055478673428,7.69884524184931
10.7789620643451,7.72,7.71823535058647,7.71028064012155
10.8262232470928,7.73,7.72822747862432,7.71856490306836
10.8745852724696,7.74,7.73980070094578,7.72979181241617
10.9240737826613,7.75,7.74859960160777,7.74078568785917
10.9747150171313,7.76,7.75976528067421,7.75038115111552
11.0265358265322,7.77,7.76918620807305,7.76108846381214
11.0795636869432,7.78,7.78179099695291,7.77061918184999
11.1338267144378,7.79,7.79042752302252,7.7809199961517
11.1893536799914,7.8,7.79833447585441,7.78905311258975
11.2461740247361,7.81,7.80992882086523,7.79897741943505
11.3043178755708,7.82,7.81823457017448,7.80835141136404
11.3638160611349,7.83,7.82877758956514,7.81967773588933
11.4247001281539,7.84,7.83891315463185,7.82898468647338
11.487002358166,7.85,7.84935743424669,7.84091985252965
11.5507557846383,7.86,7.86104705866147,7.8503912565643
11.6159942104813,7.87,7.8702291059643,7.85838508394733
11.6827522259719,7.88,7.88179011183698,7.87152095915098
11.7510652270937,7.89,7.89160215495527,7.88153788721468
11.820969434304,7.9,7.90025115097314,7.88811650361866
11.8925019117387,7.91,7.9092873332873,7.89862006628141
11.9657005868644,7.92,7.92073004459031,7.91120973056741
12.0406042705873,7.93,7.93139564586245,7.92035831498913
12.1172526778322,7.94,7.93982168169785,7.9297866994869
12.195686448599,7.95,7.94906529342011,7.94058019272704
12.2759471695113,7.96,7.96076780956425,7.9514446753487
12.3580773958656,7.97,7.96863556748349,7.9585490254676
12.4421206741951,7.98,7.97878062512167,7.96884996055346
12.5281215653583,7.99,7.98808006847557,7.97981985518523
12.6161256681662,8,8.00045731911249,7.99046722402889
12.7061796435589,8.01,8.01149767779093,8.00142597877234
12.7983312393462,8.02,8.0206242728224,8.01021644245181
12.8926293155239,8.03,8.03038702559378,8.01846110335272
12.9891238701803,8.04,8.03964042814635,8.03059054788575
13.0878660660054,8.05,8.0510433854619,8.03954324873444
13.1889082574184,8.06,8.05868263736647,8.04949377464503
13.2923040183268,8.07,8.07040914869402,8.05996668433957
13.3981081705315,8.08,8.0812550108768,8.07021340810042
13.5063768127945,8.09,8.09009121498279,8.07909146226943
13.6171673505832,8.1,8.09956833194755,8.08928701466694
13.730538526507,8.11,8.11002928680368,8.099356554511
13.8465504514641,8.12,8.11852890399098,8.10988604849949
13.9652646365127,8.13,8.12866244490538,8.11813110437896
14.0867440254851,8.14,8.14105663652904,8.12805935205147
14.2110530283614,8.15,8.14969369597454,8.14068869677745
14.3382575554202,8.16,8.16198348845076,8.14864783575945
14.4684250521855,8.17,8.16964093513694,8.15982502900623
14.6016245351872,8.18,8.17881601708475,8.17014969097264
14.7379266285541,8.19,8.19151987148169,8.18124863343686
14.8774036014604,8.2,8.19816625208687,8.18806881246995
15.0201294064433,8.21,8.21040526545513,8.19957129605114
15.1661797186139,8.22,8.21890970474202,8.21046236639749
15.3156319757807,8.23,8.2307111660745,8.22045304361731
15.4685654195088,8.24,8.24152465078607,8.23152797393315
15.6250611371345,8.25,8.248456184146,8.24170016646478
15.7852021047585,8.26,8.2592898538392,8.25188472194876
15.9490732312418,8.27,8.27172745904885,8.26133896019775
16.1167614032245,8.28,8.28076768327504,8.26945595076401
16.2883555311953,8.29,8.28821873916127,8.27805677612685
16.4639465966319,8.3,8.30188921814319,8.2906016987646
16.6436277002416,8.31,8.31109260549676,8.30170847567543
16.8274941113237,8.32,8.319604054261,8.30957360714115
17.0156433182833,8.33,8.33087633414194,8.31988408291154
17.2081750803203,8.34,8.33906840940844,8.32900746321213
17.4051914803234,8.35,8.35118434239365,8.3415070940787
